{"A_score_major_recall": 0.9205479452054794, "A_score_minor_recall": 0.14285714285714285, "A_PRC_AUC": 0.9244384534994394, "A_PRC_AUC_major": 0.9713048051966092, "A_PRC_AUC_minor": 0.13997687508229012, "mimic_recall": 0.532258064516129, "mimic_PRC_AUC": 0.7453225434507835, "challenge_score": 0.3010507452960821}
