{"A_score_major": 0.8579234972677595, "A_score_minor": 0.07692307692307693, "A_AUC": 0.8788118018570015}